DATASET	Abbreviation	Sites	SUBJECT	SCANS	MALES	FEMALES	MINAGE	MAXAGE	MEANAGE	STD	Median	Q25	Q75	CDR0_0	CDR0_5	CDR1_0	CDR2_0	CDR3_0	Race	Ethnicity	Pathology	LINK	Description	Population	Data	Design	Publication	Research_Article_1_Link	Research_Article_1_Title	Research_Article_1_Description	Research_Article_2_Link	Research_Article_2_Title	Research_Article_2_Description	Platform	Tip1	Tip2	anat	rs-fMRI	t-fMRI	dwi	eeg	pet	cognitive	behavioural	genetics	fluid_biomarkers	Others	Drawback
ABIDE	Autism Brain Imaging Data Exchange	20	1112	1112	948	164	6.5	64	17	8	14.7	11.7	20.1	0	0	0	0	0			Autism	https://fcon_1000.projects.nitrc.org/indi/abide/	A large multi-site resting-state fMRI dataset focused on autism spectrum disorders, designed to facilitate biomarker discovery and reproducible research. 	earth	neuroimaging (MRI)	Cross-sectional	https://doi.org/10.1038/sdata.2017.10	https://doi.org/10.1038/s41598-022-09821-6	rs‑fMRI and machine learning for ASD diagnosis: a systematic review and meta‑analysis	A systematic review and meta‑analysis to summarize the available evidence in the literature so far identify brain imaging biomarkers and develop tools that could facilitate its diagnosis. In particular, using Machine Learning classifiers based on resting‑state fMRI (rs‑fMRI) data for Autism Spectrum Disorder (ASD) diagnosis which is otherwise a is still based on behavioral criteria through a lengthy and time‑consuming process	https://doi.org/10.1192/bjp.2022.13	Deep learning identifies robust gender differences in functional brain organization and their dissociable links to clinical symptoms in autism.	Autism affects largere womens tha men; identify robust functional brain organisation markers that distinguish between females and males with ASD and predict symptom severity	indi	ABIDE-1 and ABIDE-2 are disjoint datasets which have different subjectsIDs.	IDA-LONI hosts on ABIDE-1 and you will not far lower number of subjects that that is mentioned in the website	1	1	0	0	0	0	1	1	0	0	WISC_IV, VINELAND, SRS, https://fcon_1000.projects.nitrc.org/indi/abide/ABIDE_LEGEND_V1.02.pdf	Choose between old ABIDE-1 and new ABIDE-2
ABIL	Australian Imaging, Biomarker and Lifestyle	2	691	1274	305	385	55	96	73.7	6.8	73	68	79	922	289	52	9	2			AD	https://aibl.org.au/	A prominent longitudinal research initiative launched in 2006 to investigate the development and progression of Alzheimer's disease (AD). 	earth	neuroimaging (MRI)	Longitudinal	https://doi.org/10.1017/s1041610209009405	https://doi.org/10.3233/adr-210005	Fifteen Years of the Australian Imaging, Biomarkers and Lifestyle (AIBL) Study: Progress and Observations from 2,359 Older Adults Spanning the Spectrum from Cognitive Normality to Alzheimer’s Disease	Lists the Major achievements made possbile due to the AIBL study along with relavent publications	https://doi.org/10.1002/alz.13556	Physical activity and brain amyloid beta: A longitudinal analysis of cognitively unimpaired older adults	AIBL study's lifestyle data was leveraged to design this study which evaluated the relationship between habitual physical activity (PA) levels and brain amyloid beta (Aβ) over 15 years in a cohort of cognitively unimpaired older adults	IDA LONI	Same as ADNI	Same as ADNI	1	0	0	0	0	1	1	1	1	1	MMSE, CVLT-II, Logical Memory I and II (WMS; Story 1 only), D-KEFS verbal fluency, 30-item Boston Naming Test (BNT), Wechsler Test of Adult Reading (WTAR), Digit Span and Digit Symbol-Coding subtests of the Wechsler Adult Intelligence Scale – Third edition (WAIS–III), the Stroop task (Victoria version), and the Rey Complex Figure Test (RCFT)	None as of Now
ADNI	Alzheimer’s Disease Neuroimaging Initiative	61	738	3996	414	324	55	96	76.6	6.8	77	72	81	2307	2489	0	0	0			AD	https://adni.loni.usc.edu/	A longitudinal study collecting MRI, PET, and clinical data to track Alzheimer's disease progression.	earth	neuroimaging (MRI)	Longitudinal	https://doi.org/10.1002/jmri.21049	https://doi.org/10.1038/s41467-022-31037-5	Multimodal deep learning for Alzheimer’s disease dementia assessment	The Alzheimer’s Disease Neuroimaging Initiative (ADNI) provides longitudinal, multimodal data-including clinical assessments, neuroimaging (MRI/PET), genetic profiles, and biomarkers (e.g., CSF Aβ/tau)-enabling integrated analyses to advance Alzheimer’s research. This comprehensive repository supports machine learning and computational modeling for enhancing diagnostic accuracy, tracking disease progression, and uncovering mechanistic insights into neurodegenerative disorders.	https://arxiv.org/pdf/2408.15647	Leveraging Persistent Homology for Differential Diagnosis of Mild Cognitive Impairment	Researchers often use ADNI data to compare thier methods and test thier methods on in-house data and on standard dataset; ADNI can be thought of MNIST of machine learning in neuroimaging	IDA LONI	The ADNIMERGE file (ADNIMERGE - Key ADNI tables merged into one table [ADNI1,GO,2,3]) may be of interest, as it combines various variables into one file.	Downloading MRI images from IDA can be difficult due to the large number of files per subject. A practical approach is to use the Advanced Search with top-level filters like anat T1w MRI and generate an image collection. Download the resulting CSV file, open it in Excel, and inspect the series descriptions to identify the specific T1w scans you need (e.g., MPRAGE). Use these refined descriptions to filter the dataset again in the Advanced Download section, then add the correct images to your download queue and use the IDA Downloader to retrieve them.	1	1	0	1	0	1	1	1	1	1	CDR	None as of Now
Age-ility	Age-ility	1	131	131	66	65	15	35	21.7	5.2	20	18	24	0	0	0	0	0			HC	https://www.nitrc.org/projects/age-ility/	A multimodal neuroimaging dataset designed to investigate the neural mechanisms underlying cognitive control across the adult lifespan. It provides high-quality, open-access data suitable for studying brain structure, function, and electrophysiology in healthy young adults.	earth	neuroimaging (MRI)	Cross-sectional	https://doi.org/10.1016/j.neuroimage.2015.04.047	https://doi.org/10.1371/journal.pone.0236418	Distortion correction of diffusion weighted MRI without reverse phase-encoding scans or field-maps	Introduces a deep learning approach to synthesize geometrically accurate b0 images from structural T1w and diffusion MRI data, enabling susceptibility distortion correction without requiring reverse phase encoding scans and achieves performance comparable to traditional techniques like FSL topup.				Nitrc	download using the script instead of downloading each tar file indivually	Click on See all files; select all; go to the bottom; download	1	1	0	1	1	0	0	0	0	0	Resting state EEG	Data from neuropsychological, psychometric and cognitive tasks are not currently being made available
AOMIC_ID1000	Amsterdam Open MRI Collection	1	928	928	445	483	19	26	22.8	1.7	22.8	21.2	24.2	0	0	0	0	0			HC	https://nilab-uva.github.io/AOMIC.github.io/	Part of the Amsterdam Open MRI Collection, this dataset includes multimodal MRI data from 1,000 participants, focusing on individual differences.	earth	neuroimaging (MRI)	Cross-sectional	https://doi.org/10.1038/s41597-021-00870-6	https://proceedings.neurips.cc/paper_files/paper/2022/file/8600a9df1a087a9a66900cc8c948c3f0-Paper-Conference.pdf	Self-Supervised Learning of Brain Dynamics from Broad Neuroimaging Data	Proposed self-supervised learning frameworks for neuroimaging data, inspired by NLP. At their core, these frameworks learn the dynamics of brain activity by modeling sequences of activity akin to how sequences of text are modeled in NLP. We evaluate the frameworks by pre-training models on a broad neuroimaging dataset spanning functional Magnetic Resonance Imaging data	https://doi.org/10.1016/j.isci.2024.110532	Is political ideology correlated with brain structure? A preregistered replication	Studies the hypotheses that conservatism positively correlates with amygdala and negatively with anterior cingulate cortex (ACC) gray matter volume. This is the largest preregistered replication study in the context of political neuroscience. Confirmatory tests highlight weak, positive associations between the right fusiform gyri and conservatism	openNeuro	do not combine all the AOMIC datasets blindly		1	0	1	1	0	0	0	0	0	0	NEO-FFI, religious_importance	less variablilty
AOMIC_PIOP1	Amsterdam Open MRI Collection	1	216	216	89	120	18.2	26.2	22.2	1.8	22.2	20.8	23.2	0	0	0	0	0			HC	https://nilab-uva.github.io/AOMIC.github.io/	Datasets from the Amsterdam Open MRI Collection, containing task-based and resting-state fMRI data to study cognitive and emotional processes.​	earth	neuroimaging (MRI)	Cross-sectional	https://doi.org/10.1038/s41597-021-00870-6	https://doi.org/10.1093/cercor/bhad396	Brain asymmetry is globally different in males and females: exploring cortical volume, area, thickness, and mean curvature	This study investigate sexual dimorphism in brain asymmetry by comparing laterality index with the distance index, which is a global measure of differences within and across hemispheres, and with the subtraction index, which compares pairwise raw values in the left and right hemisphere. Machine learning models, robustness tests, and group analyses of cortical volume, area, thickness, and mean curvature revealed that, of the three indices, distance index was the most successful biomarker of sexual dimorphism.	https://doi.org/10.1016/j.isci.2024.110532	Is political ideology correlated with brain structure? A preregistered replication	Studies the hypotheses that conservatism positively correlates with amygdala and negatively with anterior cingulate cortex (ACC) gray matter volume. This is the largest preregistered replication study in the context of political neuroscience. Confirmatory tests highlight weak, positive associations between the right fusiform gyri and conservatism	openNeuro	do not combine all the AOMIC datasets blindly		1	0	1	1	0	0	0	0	0	0	physiology	less variablilty
AOMIC_PIOP2	Amsterdam Open MRI Collection	1	226	226	96	129	18.2	25.8	22	1.8	22	20.5	23.2	0	0	0	0	0			HC	https://nilab-uva.github.io/AOMIC.github.io/	Datasets from the Amsterdam Open MRI Collection, containing task-based and resting-state fMRI data to study cognitive and emotional processes.​	earth	neuroimaging (MRI)	Cross-sectional	https://doi.org/10.1038/s41597-021-00870-6	https://proceedings.neurips.cc/paper_files/paper/2022/file/8600a9df1a087a9a66900cc8c948c3f0-Paper-Conference.pdf	Self-Supervised Learning of Brain Dynamics from Broad Neuroimaging Data	Proposed self-supervised learning frameworks for neuroimaging data, inspired by NLP. At their core, these frameworks learn the dynamics of brain activity by modeling sequences of activity akin to how sequences of text are modeled in NLP. We evaluate the frameworks by pre-training models on a broad neuroimaging dataset spanning functional Magnetic Resonance Imaging data	https://doi.org/10.1016/j.isci.2024.110532	Is political ideology correlated with brain structure? A preregistered replication	Studies the hypotheses that conservatism positively correlates with amygdala and negatively with anterior cingulate cortex (ACC) gray matter volume. This is the largest preregistered replication study in the context of political neuroscience. Confirmatory tests highlight weak, positive associations between the right fusiform gyri and conservatism	openNeuro	do not combine all the AOMIC datasets blindly		1	0	1	1	0	0	0	0	0	0	physiology	less variablilty
BGSP	Brain Genomics Superstruct Project	5	1570	1570	665	905	19	35	21.5	2.9	21	19	23	0	0	0	0	0	W_NOT_HL	W_NOT_HL	HC	https://dataverse.harvard.edu/dataset.xhtml?persistentId=doi:10.7910/DVN/25833	A large-scale neuroimaging dataset developed by Harvard and MGH, the BGSP includes structural and functional MRI data from over 1,500 healthy young adults, along with behavioral, cognitive, and genetic information.	earth	neuroimaging (MRI)	Cross-sectional	https://doi.org/10.1038/sdata.2015.31	https://doi.org/10.1002/hbm.24213	Accurate nonlinear mapping between MNI volumetric and FreeSurfer surface coordinate systems	Mapping between volumetric (e.g., MNI152) and surface (e.g., fsaverage) coordinate systems is crucial for neuroimaging, but methods for accurate transformations are underexplored. This research leverages the BGSP data to evaluate three approaches for this mapping, simulating the projection of group data and parcellations between these systems.	https://doi.org/10.1093/cercor/bhx179	Local-Global Parcellation of the Human Cerebral Cortex from Intrinsic Functional Connectivity MRI	The study developed a gradient-weighted Markov Random Field (gwMRF) model combining local gradient (boundary detection) and global similarity (clustering) approaches for cortical parcellation	IDA LONI	Apply for access at both arvard DataVerse and IDA; IDA provide detailed metadata for the analysis	Use intiution mail else the datset team will outright reject your request/ application	1	1	0	0	0	0	0	0	0	0	Flanker	Slightly hard to access
BHRC	Brazilian High Risk Cohort Study	2	610	907	358	252	5.8	14.3	9.8	1.8	9.7	8.5	11.1	0	0	0	0	0	White	Hispanic or Latino	HC	https://osf.io/ktz5h/	A longitudinal study based in Brazil aiming to understand the development of mental disorders in children and adolescents.	earth	neuroimaging (MRI)	Cross-sectional	https://doi.org/10.1002/mpr.1459	https://doi.org/10.1001/jamapediatrics.2023.3221	Estimated Prevalence of Depressive Disorders in Children From 2004 to 2019 A Systematic Review and Meta-Analysis	Depression during childhood (ie, age <13 years) poses a major health burden. Recent changes in environmental and lifestyle factors may increase children’s risk of mental health problems. This has been reported for anxiety disorders, but it is unclear whether this occurs for depressive disorders.	https://doi.org/10.1176/appi.ajp.2021.21090944	Early Adversity and Development: Parsing Heterogeneity and Identifying Pathways of Risk and Resilience	This research highlights how distinct adversity types (threat vs. deprivation) during development differentially impact psychopathology-threat affecting emotional processing via attention biases and genetic markers (e.g., *NR3C1*), while deprivation disrupts executive function through cortical-striatal circuits. Longitudinal data and multi-modal assessments revealed outcome heterogeneity tied to adversity timing, type, and protective factors, informing targeted intervention strategies.	RBC	The phenotypic and metdalata is not access easily and you have to sign in and requets the data access and fill out a big DUA for metdata data access	Reproducible Brain Charts hosts this data open sourc and fre to download	1	1	0	1	0	0	0	0	0	0	NA	Slightly hard to access the metadata
BrainLat	BrainLat	5	761	761	322	439	21	98	68.5	10.9	70	62	76	0	0	0	0	0			AD	https://www.synapse.org/Synapse:syn51549340/files/	The BrainLat Project is a comprehensive, open-access neuroimaging dataset developed by the Latin American Brain Health Institute (BrainLat) to advance research on neurodegenerative diseases within underrepresented populations. It encompasses multimodal data from 780 participants across five Latin American countries: Argentina, Chile, Colombia, Mexico, and Peru.​	earth	neuroimaging (MRI)	Cross-sectional	https://doi.org/10.1038/s41597-023-02806-8	https://doi.org/10.1038/s41591-024-03209-x	Brain clocks capture diversity and disparities in aging and dementia across geographically diverse populations	Region-specific analysis of accelerated brain aging by providing multimodal neuroimaging (fMRI/EEG) and clinical data from underrepresented Latin American populations, capturing structural inequality’s impact via frontoposterior network disruptions and sex-specific gaps linked to macrosocial stressors. Its inclusion of diverse sociodemographic, environmental, and genetic admixture profiles supported models where socioeconomic disparities and pollution explained 37% of variance in brain-age gaps, highlighting Global South vulnerabilities to accelerated neurodegeneration	https://doi.org/10.1016/j.ebiom.2025.105614	Altered spatiotemporal brain dynamics of interoception in behavioural-variant frontotemporal dementia	The study revealed that behavioral variant frontotemporal dementia (bvFTD) patients exhibit prolonged intrinsic neural timescales during interoception, measured via EEG autocorrelation windows, linking these dynamic deficits to structural atrophy in fronto-insular-temporal regions and sociocognitive impairments. Multimodal data-including simultaneous EEG/ECG, structural MRI, and neuropsychological assessments-enabled mapping of spatiotemporal brain dynamics to allostatic-interoceptive network degradation, establishing a mechanistic basis for bvFTD’s behavioral symptoms	Synapse	Data request should be done through synapse		1	1	0	0	1	9	1	1	0	0	MOCA, IFS	Does not include data from entire of South america; including brazil
CAMCAN	Cambridge Centre for Ageing Neuroscience	1	2681	2681	1173	1508	18.5	102.2	60.6	20.9	63.4	41.7	79.7	0	0	0	0	0			HC	https://camcan-archive.mrc-cbu.cam.ac.uk/dataaccess/index.php	A lifespan dataset with multimodal imaging and cognitive assessments from adults aged 18–88.	earth	neuroimaging (MRI)	Cross-sectional	https://doi.org/10.1016/j.neuroimage.2015.09.018	https://doi.org/10.1038/s41593-023-01299-3	Functional brain networks reflect spatial and temporal autocorrelation	This study demonstrates that spatial (SA) and temporal autocorrelation (TA) in resting-state fMRI (rs-fMRI) data fundamentally explain the topology of functional brain networks, offering a reductionist framework to link complex network metrics to simpler neurobiological mechanisms	https://doi.org/10.1073/pnas.2214634120	Anatomically interpretable deep learning of brain age captures domain-specific cognitive impairment		NA	Apply for data access thorugh the website	Use Filezilla to get to know the file structure and downlod required files	1	1	1	1	0	0	1	1	0	0	MMSE, MEG, CArdiovascular measures, Benton, Cardiovascular measures, Cattell, Emotional expression recogn., Emotional memory, Emotion regulation, Famous faces, Force matching, Hotel task, Motor learning, Picture priming, Proverbs, RT choice, RT simple, Synsem, TOT, VSTM colour	Takes a couple of days to get the approval and stlughty hard to download the data; not comparible with linux machines or servers; even though there is a way
CC359	Calgary-Campinas-359	3	359	359	176	183	29	80	53.5	7.8	55	49	58.5	0	0	0	0	0			HC	https://www.ccdataset.com/download	A dataset comprising 359 T1-weighted MRI scans for evaluating brain segmentation algorithms.	earth	neuroimaging (MRI)	Cross-sectional	https://doi.org/10.1016/j.neuroimage.2017.08.021	https://openaccess.thecvf.com/content/CVPR2022/papers/Yiasemis_Recurrent_Variational_Network_A_Deep_Learning_Inverse_Problem_Solver_Applied_CVPR_2022_paper.pdf	Recurrent Variational Network: A Deep Learning Inverse Problem Solver applied to the task of Accelerated MRI Reconstruction	Conventional MRI acquisition is slow and prone to motion artifacts, limiting dynamic treatments. A novel deep learning method, RecurrentVarNet, reconstructs high-fidelity MRI images from highly accelerated, subsampled data by iteratively refining k-space using recurrent neural networks, achieving state-of-the-art results on brain data.	https://doi.org/10.1109/JPROC.2022.3141367	AI-Based Reconstruction for Fast MRI—A Systematic Review and Meta-Analysis	Deep learning and compressed sensing are increasingly combined to accelerate MRI acquisition, leading to significant advancements. This meta-analysis reviews these deep-learning-based CS techniques, their designs, breakthroughs, and future directions, while also providing a framework for their assessment in fast MRI.	CONP	the nifti images are in processed orginal.zip	You can treat 3 vendors are 3 different sites	1	0	0	0	0	0	0	0	0	0	1.5T, 3T	Too much raw data was given i really found it difficult to find the original nifit images
CCNP	Chinese Color Nest Project	1	195	195	93	102	6.5	17.9	11.9	3.1	11.4	9.3	14.4	0	0	0	0	0	Asian	not Hispanic or Latino	HC	https://www.scidb.cn/en/detail?dataSetId=c81f0e90a51b4cfca348ce4da6ca734e	A developmental neuroimaging dataset focusing on brain maturation in children and adolescents.	earth	neuroimaging (MRI)	Cross-sectional	https://doi.org/10.1016/j.dcn.2021.101020	https://doi.org/10.1038/s41593-022-01218-y	Confronting racially exclusionary practices in the acquisition and analyses of neuroimaging data	NA	https://doi.org/10.1038/s44220-023-00057-5	Precision behavioral phenotyping as a strategy for uncovering the biological correlates of psychopathology	NA	RBC			1	1	0	0	0	0	1	1	0	0		metadata is not easily available
CHBMP	Cuban Human Brain Mapping Project 	1	282	282	195	87	18	68	32	9.3	31	25	37	0	0	0	0	0		Cuban	HC	https://chbmp-open.loris.ca/	A population-based initiative focused on creating a normative brain dataset for the Cuban population. It includes high-resolution MRI, EEG, and neuropsychological assessments from healthy individuals, aiming to understand brain variability and support brain research and clinical neuroscience in Latin America.	earth	neuroimaging (MRI)	Cross-sectional	http://nature.com/articles/s41597-021-00829-7	https://doi.org/10.1016/j.neuroimage.2022.119521	A reusable benchmark of brain-age prediction from M/EEG resting-state signals	NA	https://doi.org/10.1016/j.neuroimage.2024.120636	Brain health in diverse settings: How age, demographics and cognition shape brain function	NA	CONIS			1	0	0	0	1	0	0	0	0	0	EEG	
CHCP	Chinese Human Connectome Project	1	366	366	167	199	18	79	34	18.1	24	21	53.8	0	0	0	0	0	Asian	Chinese	HC	https://doi.org/10.11922/sciencedb.01374	A large-scale neuroimaging project modeled after the U.S. HCP, designed to map the structural and functional connectivity of the Chinese brain.	earth	neuroimaging (MRI)	Cross-sectional	https://www.nature.com/articles/s41593-022-01215-1	https://doi.org/10.1016/j.scib.2024.03.006	The power of many brains: Catalyzing neuropsychiatric discovery through open neuroimaging data and large-scale collaboration	NA	https://doi.org/10.1002/hbm.70166	The Shape of the Brain's Connections Is Predictive of Cognitive Performance: An Explainable Machine Learning Study	NA	ScienceDB			1	1	1	1	0	0	1	0	0	0		
COBRE	The Center for Biomedical Research Excellence	1	148	148	109	37	18	65	37	12.8	35	26	48	0	0	0	0	0			Shiz	https://fcon_1000.projects.nitrc.org/indi/retro/cobre.html	A dataset including structural and resting-state fMRI data from individuals with schizophrenia and healthy controls.​	earth	neuroimaging (MRI)	Cross-sectional	https://doi.org/10.1002/hbm.22065	https://doi.org/10.1002/hbm.22065	Functional imaging of the hemodynamic sensory gating response in schizophrenia	NA	https://doi.org/10.1016/j.neuroimage.2013.06.038	Using joint ICA to link function and structure using MEG and DTI in schizophrenia	NA	indi	schizopheria data		1	1	0	0	0	0	0	0	0	0	MEG	DWI data is not shared
CORR	Consortium for Reliability and Reproducibility	34	1534	4285	764	768	6	88	25.7	13.9	22	19	27	0	0	0	0	0			HC	https://fcon_1000.projects.nitrc.org/indi/CoRR/html/index.html	A multi-site dataset aimed at assessing the reliability of functional connectivity measures.	earth	neuroimaging (MRI)	Test-Retest	https://doi.org/10.1038/sdata.2014.49	https://doi.org/10.1016/j.neuroimage.2019.116157	A decade of test-retest reliability of functional connectivity: A systematic review and meta-analysis	NA	http://dx.doi.org/10.1038/nrn.2016.167	Scanning the horizon: towards transparent and reproducible neuroimaging research 	NA	indi			1	1	0	1	0	0	0	0	0	0	ASL, CBF	
DENSE_F	28andMe	1	1	60	0	1	23	23	23	0	23	23	23	0	0	0	0	0	white	white	HC	https://openneuro.org/datasets/ds002674/versions/1.0.6	28andMe is a dense-sampling, multimodal neuroimaging study conducted by the Emily Jacobs Lab at UC Santa Barbara. It aimed to investigate how endogenous fluctuations in sex hormones across a complete menstrual cycle influence brain function and structure.	earth	neuroimaging (MRI)	Longitudinal	https://doi.org/10.1016/j.neuroimage.2020.117091	https://doi.org/10.1016/j.neubiorev.2023.105259	Insights from personalized models of brain and behavior for identifying biomarkers in psychiatry	NA	https://doi.org/10.1162/netn_a_00169	Dynamic community detection reveals transient reorganization of functional brain networks across a female menstrual cycle	NA	openNeuro			1	1	0	0	0	0	0	0	0	0		Single subject
DENSE_M	28andHe	1	1	40	1	0	26	26	26	0	26	26	26	0	0	0	0	0	White	white	HC	https://openneuro.org/datasets/ds005115/versions/1.2.0	28andHe is a complementary study to 28andMe, focusing on a male participant to explore diurnal hormone fluctuations and their impact on brain function. Conducted by the same research team, this study provides insights into how daily variations in hormones like testosterone affect neural dynamics.	earth	neuroimaging (MRI)	Longitudinal	https://doi.org/10.1523/JNEUROSCI.1856-23.2024	https://doi.org/10.1162/imag_a_00474	Exploring neuroendocrine influences on the sensorimotor-association axis in a female and a male individual	NA	https://doi.org/10.1523/JNEUROSCI.0573-24.2024	Circadian Rhythms Tied to Changes in Brain Morphology in a Densely Sampled Male	NA	openNeuro			1	1	0	0	0	0	0	0	0	0		
DLBS	Dallas Lifespan Brain Study	1	315	315	117	198	20.6	89.1	54.6	20.1	54.3	36.3	71.1	0	0	0	0	0	White/Caucasian	Non-hispanic	AD	https://fcon_1000.projects.nitrc.org/indi/retro/dlbs.html	A dataset focusing on cognitive aging, including MRI and behavioral data across the adult lifespan.​	earth	neuroimaging (MRI)	Longitudinal	https://fcon_1000.projects.nitrc.org/indi/retro/dlbs.html	https://doi.org/10.3389/fnagi.2016.00098	The Busier the Better: Greater Busyness Is Associated with Better Cognition	NA	https://doi.org/10.1002/alz.12062	Age-dependent amyloid deposition is associated with white matter alterations in cognitively normal adults during the adult life span	NA	indi			1	1	0	0	0	1	1	0	1	0	MMSE	
FCON1000	1000 Functional Connectomes Project	33	1277	1277	526	614	7.9	85	28.6	13.5	23	21	30	0	0	0	0	0			HC	http://fcon_1000.projects.nitrc.org/fcpClassic/FcpTable.html	An open-access collection of resting-state fMRI datasets from multiple sites to facilitate connectome studies.	earth	neuroimaging (MRI)	Cross-sectional	https://doi.org/10.1073/pnas.0911855107	https://doi.org/10.1371/journal.pone.0068910	BrainNet Viewer: A Network Visualization Tool for Human Brain Connectomics	Develop tools for the neuroscience community	https://doi.org/10.1152/jn.00338.2011	The Organization of the Human Cerebral Cortex Estimated by Functional Connectivity	NA	indi			1	1	0	0	0	0	0	0	0	0	NA	
HBN	Healthy Brain Network	3	3563	3563	2264	1226	5	22	10.2	3.4	9.5	7.6	12.1	0	0	0	0	0			HC	https://fcon_1000.projects.nitrc.org/indi/cmi_healthy_brain_network/MRI_EEG.html	A large-scale dataset collecting imaging and behavioral data from children and adolescents to study mental health and learning disorders.	earth	neuroimaging (MRI)	Cross-sectional	https://doi.org/10.1038/sdata.2017.181	https://doi.org/10.1038/s41467-024-46150-w	Data leakage inflates prediction performance in connectome-based machine learning models	NA	https://doi.org/10.1038/s41380-018-0321-0	Big data approaches to decomposing heterogeneity across the autism spectrum	NA	RBC			1	1	0	0	1	0	0	0	0	0		
HCP_1200	Human Connectome Project	1	1206	1206	550	656	23.5	33	28.8	3.5	28	28	33	0	0	0	0	0			HC	https://www.humanconnectome.org/study/hcp-young-adult	A comprehensive dataset with high-resolution MRI data from 1,200 healthy adults, aiming to map human brain connectivity.​	earth	neuroimaging (MRI)	Cross-sectional	https://doi.org/10.1016/j.neuroimage.2013.05.041	https://doi.org/10.1038/s41583-021-00474-4	The default mode network in cognition: a topographical perspective	NA	https://doi.org/10.1038/s41593-021-00962-x	A massive 7T fMRI dataset to bridge cognitive neuroscience and artificial intelligence	NA	connectomeDB			1	1	1	1	0	0	1	1	0	0	7T scans	
ICMB	International Consortium for Brain Mapping 	3	189	189	85	104	19	80	41.7	15.4	41	29	54	0	0	0	0	0	White	Not Hispanic or Latino	HC	https://ida.loni.usc.edu/collaboration/access/appLicense.jsp	A global collaborative effort aimed at developing a probabilistic, voxel-based atlas of the human brain. it provides standardized brain templates and tools to facilitate the comparison of functional and structural brain data across studies.	earth	neuroimaging (MRI)	Cross-sectional	https://doi.org/10.1098/rstb.2001.0915	https://doi.org/10.1371/journal.pcbi.1005350	Mindboggling morphometry of human brains	NA	https://doi.org/10.1126/science.abb4588	Julich-Brain: A 3D probabilistic atlas of the human brain’s cytoarchitecture	NA	IDA LONI			1	1	0	1	0	1	1	0	0	0		
ISYB	Imaging Chinese Young Brains	1	215	215	59	156	18	30	22.6	2.7	23	20	24	0	0	0	0	0	Chinese	Chinese Han	HC	https://doi.org/10.11922/sciencedb.00740	A publicly available neuroimaging resource comprising multimodal MRI data from 215 healthy, right-handed Chinese adults aged 18–30. 	earth	neuroimaging (MRI)	Cross-sectional	https://doi.org/10.1038/s41597-022-01413-3	https://doi.org/10.1016/j.dcn.2023.101244	Brief mock-scan training reduces head motion during real scanning for children: A growth curve study	NA	https://doi.org/10.1016/j.dcn.2024.101443	Psychiatric neuroimaging at a crossroads: Insights from psychiatric genetics	NA	ScienceDB			1	0	0	1	0	0	1	0	0	0	CBF	
IXI	Information eXtraction from Images	3	593	593	267	326	20	86.3	49.4	16.7	50.6	34	63.4	0	0	0	0	0		White	HC	https://brain-development.org/ixi-dataset/	A dataset comprising MRI scans from healthy subjects, used for developing and testing image processing algorithms.​	earth	neuroimaging (MRI)	Cross-sectional	https://brain-development.org/publication-list/	https://openaccess.thecvf.com/content/WACV2024/papers/Kim_Adaptive_Latent_Diffusion_Model_for_3D_Medical_Image_to_Image_WACV_2024_paper.pdf	Adaptive Latent Diffusion Model for 3D Medical Image to Image Translation: Multi-modal Magnetic Resonance Imaging Study	NA	https://openaccess.thecvf.com/content/CVPR2021/papers/Huang_Brain_Image_Synthesis_With_Unsupervised_Multivariate_Canonical_CSCl4Net_CVPR_2021_paper.pdf	Brain Image Synthesis with Unsupervised Multivariate Canonical CSCℓ4Net	NA	NA			1	0	0	1	0	0	1	0	0	0		
LASI	Longitudinal Aging Study in India Diagnostic Assessment of Dementia	1	148	149	80	62	0	85	66.3	11.3	67	63	72	78	129	4	4	0	Indian	Indian	AD	https://lasi-dad.org/	A study collecting health and social data from older adults in India; imaging data availability is limited.	earth	neuroimaging (MRI)	Longitudinal	http://dx. doi.org/10.1136/bmjopen- 2019-030300	https://doi.org/10.2196/27113	Learning From Clinical Consensus Diagnosis in India to Facilitate Automatic Classification of Dementia: Machine Learning Study	NA	https://doi.org/10.1101/2024.01.04.24300840	Effect of APOE ε4 and its modification by sociodemographic characteristics on cognitive measures in South Asians from LASI-DAD	NA	IDA LONI			1	1	0	0	0	0	1	1	1	0		
Lexical	A longitudinal neuroimaging dataset on multisensory lexical processing in school-aged children	1	188	376	99	89	7.4	16.4	11.2	1.9	11	9.7	12.6	0	0	0	0	0	White	Not Hispanic or Latino	HC	https://openneuro.org/datasets/ds001894/versions/1.4.2	Children dataset is an open-access neuroimaging resource designed to investigate how children process spoken and written language over time. It combines multimodal neuroimaging with behavioral assessments to explore the neural mechanisms underlying reading development in school-aged children.​	earth	neuroimaging (MRI)	Cross-sectional	https://www.nature.com/articles/s41597-019-0338-5	https://doi.org/10.1038/s41539-023-00201-x	Arithmetic skills are associated with left fronto-temporal gray matter volume in 536 children and adolescents	NA	https://doi.org/10.1162/netn_a_00414	Patterns of the left thalamus embedding into the connectome associated with reading skills in children with reading disabilities	NA	openNeuro			1	1	1	0	0	0	0	0	0	0	Race, Ethnicity	
MCSA	The Mayo Clinic Study of Aging	7	1802	3090	968	834	49	89.9	72.8	9.8	74.4	65.4	80.5	2606	402	34	2	1	White	Not Hispanic	AD	https://www.mayo.edu/research/centers-programs/alzheimers-disease-research-center/research-activities/mayo-clinic-study-aging/overview	A population-based study including imaging and clinical data to investigate aging and Alzheimer's disease.​	earth	neuroimaging (MRI)	Longitudinal	https://doi.org/10.1159/000115751		Flortaucipir PET uncovers relationships between tau and amyloid-β in primary age–related tauopathy and Alzheimer’s disease	18[F]-Flortaucipir positron emission tomography (PET) is considered a good biomarker of Alzheimer’s disease. This study  tries to indentify how flortaucipir is associated with the distribution of tau across brain regions and how these associations are influenced by amyloid-β	https://doi.org/10.1038/s41591-022-02049-x	Amyloid and tau PET-positive cognitively unimpaired individuals are at high risk for future cognitive decline	A major unanswered question in the dementia field is whether cognitively unimpaired individuals who harbor both Alzheimer’s disease neuropathological hallmarks (that is, amyloid-β plaques and tau neurofibrillary tangles) can preserve their cognition over time or are destined to decline. In this large multicenter amyloid and tau PET study, the authors examined the risk for future progression to mild cognitive impairment and the rate of cognitive decline over time among cognitively unimpaired individuals who were amyloid PET-positive and tau PET-positive	IDA LONI			1	0	0	0	0	1	1	0	0	0		
MIRIAD	Minimal Interval Resonance Imaging in Alzheimer's Disease	1	69	708	31	38								0	0	0	0	0			AD	https://www.ucl.ac.uk/drc/research-clinical-trials/minimal-interval-resonance-imaging-alzheimers-disease-miriad	A dataset with longitudinal MRI scans of Alzheimer's patients and controls, used for evaluating brain atrophy.	earth	neuroimaging (MRI)	Longitudinal	https://doi.org/10.1016/j.neuroimage.2012.12.044	https://doi.org/10.1016/j.asoc.2024.111749	Information fusion-based Bayesian optimized heterogeneous deep ensemble model based on longitudinal neuroimaging data	NA	https://openaccess.thecvf.com/content/ACCV2024/papers/Chen_MedBLIP_Bootstrapping_Language-Image_Pre-training_from_3D_Medical_Images_and_Texts_ACCV_2024_paper.pdf	MedBLIP: Bootstrapping Language-Image Pretraining from 3D Medical Images and Texts	NA	NA			1	0	0	0	0	0	1	0	0	0		
MPI	MPI-Leipzig Mind-Brain-Body	1	318	318	189	129	22.5	77.5	37.3	18.6	27.5	22.5	57.5	0	0	0	0	0			HC	https://openneuro.org/datasets/ds000221/versions/00002	This dataset aims to explore the interplay between brain structure, function, and emotional processing across the adult lifespan. It provides valuable insights into how these factors contribute to individual differences in emotional regulation and cognitive performance. 	earth	neuroimaging (MRI)	Cross-sectional	https://doi.org/10.1038/sdata.2018.308	https://doi.org/10.1073/pnas.2310012121	Deep learning models reveal replicable, generalizable, and behaviorally relevant sex differences in human functional brain organization	NA	https://doi.org/10.1038/s41598-024-66049-2	Aperiodic component of EEG power spectrum and cognitive performance are modulated by education in aging	NA	openNeuro			1	1	0	0	1	0	1	1	0	0		
NACC	Standardized Centralized Alzheimer’s & Related Dementias Neuroimaging	56	3179	3726	1272	1907	21	98	72.4	8.7	73	67	78	1938	981	185	51	6	White	Not Hispanic	AD	https://scan.naccdata.org/	A database aggregating clinical and imaging data from Alzheimer's Disease Centers across the U.S.​	earth	neuroimaging (MRI)	Longitudinal	https://scan.naccdata.org/	https://doi.org/10.1002/alz.14378	Positron emission tomography harmonization in the Alzheimer’s Disease Neuroimaging Initiative: A scalable and rigorous approach to multisite amyloid and tau quantification	NA			NA	IDA LONI			1	1	0	0	0	1	1	1	0	0		
narratives		1	315	315	132	183	18	53	22	4.8	21	19	23	0	0	0	0	0			HC	https://snastase.github.io/datasets/ds002345	functional MRI data collected over seven years (2011–2018) while participants listened to naturalistic spoken stories. This dataset is well-suited for evaluating models of naturalistic language comprehension and serves as a benchmark for understanding how the brain processes complex auditory narratives. 	earth	neuroimaging (MRI)	Cross-sectional	https://doi.org/10.1038/s41597-021-01033-3	https://doi.org/10.1016/j.bandl.2025.105569	Revealing human brain syntactic processing: insights from voxel-wise models and network representation	NA	https://doi.org/10.1038/s41467-025-56162-9	Incremental accumulation of linguistic context in artificial and biological neural networks	NA	openNeuro			1	0	0	1	0	0	0	0	0	0		
NIFD	The Frontotemporal Lobar Degeneration Neuroimaging Initiative 	11	330	3730	180	150	36	90	65	8.1	65	59	71	849	846	634	446	43	White		AD	https://memory.ucsf.edu/research-trials/research/allftd	A dataset focusing on imaging biomarkers in frontotemporal dementia.	earth	neuroimaging (MRI)	Longitudinal	https://doi.org/10.1002/alz.12033	https://doi.org/10.1038/s41591-022-02075-9	CSF tau microtubule-binding region identifies pathological changes in primary tauopathies	NA	https://doi.org/10.1038/s41591-022-01942-9	Temporal order of clinical and biomarker changes in familial frontotemporal dementia	NA	IDA LONI			1	1	0	1	0	1	0	0	0	0		
NKI	Enhanced Nathan Kline Institute - Rockland Sample	1	1340	2345	532	808	6	85	36.2	22.7	36	14	57	0	0	0	0	0	White	Not Hispanic or Latino or Spanish	HC	https://fcon_1000.projects.nitrc.org/indi/enhanced/	Offers several datasets, including the Enhanced NKI-Rockland Sample, with multimodal imaging and behavioral data across the lifespan.​	earth	neuroimaging (MRI)	Longitudinal	https://doi.org/10.3389/fnins.2012.00152	http://dx.doi.org/10.1016/j.neuron.2016.09.018	The Dynamics of Functional Brain Networks: Integrated Network States during Cognitive Task Performance	NA	https://doi.org/10.1038/s41593-024-01679-3	A shifting role of thalamocortical connectivity in the emergence of cortical functional organization	NA	indi			1	1	0	1	0	0	1	1	1	0		
NPC	Neuroimaging predictors of creativity in healthy adults	1	66	66	29	36	20	35	26.6	4.3	25	23	30	0	0	0	0	0					This dataset investigates the neural correlates of creativity in healthy adults by assessing structural and functional brain features alongside performance on various creativity tasks.	earth	neuroimaging (MRI)	Cross-sectional	https://doi.org/10.1016/j.neuroimage.2019.116292	https://doi.org/10.3389/fnagi.2021.607988	Healthy Aging Alters the Functional Connectivity of Creative Cognition in the Default Mode Network and Cerebellar Network	NA	https://doi.org/10.1038/s41598-020-80293-2	Static and dynamic functional connectivity supports the configuration of brain networks associated with creative cognition	NA	openNeuro			1	0	1	1	0	0	0	0	0	0		
OASIS1	Open Access Series of Imaging Studies 1	1	416	416	160	256	18	96	52.7	25.1	56	24	75	316	70	28	2	0			AD	https://sites.wustl.edu/oasisbrains/home/oasis-1/	Open Access Series of Imaging Studies providing MRI data across the adult lifespan, including individuals with Alzheimer's disease.	earth	neuroimaging (MRI)	Cross-sectional	https://doi.org/10.1162/jocn.2007.19.9.1498	http://openaccess.thecvf.com/content/ICCV2023/papers/Butoi_UniverSeg_Universal_Medical_Image_Segmentation_ICCV_2023_paper.pdf	Universeg: Universal medical image segmentation	NA	https://doi.org/10.1073/pnas.2216399120	Robust machine learning segmentation for large-scale analysis of heterogeneous clinical brain MRI datasets	NA	oasis			1	0	0	0	0	0	1	0	0	0		
OASIS2	Open Access Series of Imaging Studies 2	1	150	373	62	88	60	98	77	7.6	77	71	82	206	123	41	3	0			AD	https://sites.wustl.edu/oasisbrains/home/oasis-2/	Open Access Series of Imaging Studies providing MRI data across the adult lifespan, including individuals with Alzheimer's disease.	earth	neuroimaging (MRI)	Longitudinal	https://doi.org/10.1162/jocn.2009.21407	https://doi.org/10.1152/jn.00339.2011	The organization of the human cerebellum estimated by intrinsic functional connectivity	NA	https://doi.org/10.1038/s42256-023-00670-0	The importance of resource awareness in artificial intelligence for healthcare	NA	oasis			1	0	0	0	0	0	1	0	0	0		
OASIS3	Open Access Series of Imaging Studies 3	1	1063	1088	478	585	43	97	70.4	8.7	71	66	76	813	275	0	0	0	White	Non-Hispanic	AD	https://sites.wustl.edu/oasisbrains/home/oasis-3/	Open Access Series of Imaging Studies providing MRI data across the adult lifespan, including individuals with Alzheimer's disease.	earth	neuroimaging (MRI)	Longitudinal	https://doi.org/10.1101/2019.12.13.19014902	https://doi.org/10.1038/s41591-024-02931-w	APOE4 homozygosity represents a distinct genetic form of Alzheimer’s disease	NA	https://doi.org/10.1038/s41591-024-03144-x	Brain aging patterns in a large and diverse cohort of 49,482 individuals	NA	oasis			1	1	0	1	0	0	1	1	1	0		
Pixar	MRI data of 3-12 year old children and adults during viewing of a short animated film	1	155	155	71	84	3.5	39	10.6	8.1	7.7	5.3	11	0	0	0	0	0			HC	https://openneuro.org/datasets/ds000228/versions/1.1.1	MRI data from children (ages 3–12) and adults while viewing a silent version of Disney Pixar's animated short film "Partly Cloudy." The study aimed to investigate the development of the social brain by examining how different age groups process social and emotional cues during naturalistic movie viewing. This dataset provides insights into the neural mechanisms underlying social cognition and its development across the lifespan.	earth	neuroimaging (MRI)	Cross-sectional	https://doi.org/10.1038/s41467-018-03399-2	https://doi.org/10.1073/pnas.2405460121	Evaluating large language models in theory of mind tasks	NA	https://doi.org/10.1016/j.neuroimage.2020.117445	Movies and narratives as naturalistic stimuli in neuroimaging	NA	openNeuro			1	0	1	0	0	0	0	0	0	0		
PNC	Philadelphia neurodevelopmental cohort 	1	1601	1601	764	837	8.1	23.1	14.9	3.7	15.2	11.8	18	0	0	0	0	0		not Hispanic or Latino	HC	https://www.med.upenn.edu/bbl/philadelphianeurodevelopmentalcohort.html	A dataset with imaging and cognitive data from youths aged 8–21 to study brain development.	earth	neuroimaging (MRI)	Cross-sectional	https://doi.org/10.1016/j.neuroimage.2015.03.056	https://doi.org/10.1038/s41467-018-04920-3	Task-induced brain state manipulation improves prediction of individual traits	NA	https://doi.org/10.1038/s41593-021-00908-3	Multivariate analysis of 1.5 million people identifies genetic associations with traits related to self-regulation and addiction	NA	RBC			1	1	0	0	0	0	0	0	0	0		
PPMI	Parkinson's progression markers initiative	1	33	33	17	16	34	79	66.7	9.5	69	62	74	0	0	0	0	0			Parkinsons	https://www.ppmi-info.org/	A longitudinal study collecting imaging and clinical data to identify biomarkers of Parkinson's disease progression.	earth	neuroimaging (MRI)	Longitudinal	https://doi.org/10.1002/acn3.644	https://doi.org/10.3389/fnagi.2021.633752	Machine Learning for the Diagnosis of Parkinson's Disease: A Review of Literature	NA	https://doi.org/10.1093/brain/awx118	Clinical criteria for subtyping Parkinson’s disease: biomarkers and longitudinal progression	NA	IDA LONI			1	1	0	1	0	1	1	1	0	0	CT, SPECT	
preventAD	PResymptomatic EValuation of Experimental or Novel Treatments for Alzheimer's Disease	1	308	1375	0	0	55	88.2	64.6	5.4	63.6	61.1	67.5	0	0	0	0	0			AD		A longitudinal study focusing on cognitively healthy individuals over 55 with a family history of Alzheimer's disease. It collects multimodal MRI, cerebrospinal fluid biomarkers, genetic data, and cognitive assessments to identify early indicators of Alzheimer's disease progression. ​	earth	neuroimaging (MRI)	Longitudinal	https://doi.org/10.1016/j.nicl.2021.102733	https://doi.org/10.1002/ana.26308	Plasma p-tau231, p-tau181, PET Biomarkers, and Cognitive Change in Older Adult	NA	https://doi.org/10.1002/alz.13318	Longitudinal blood biomarker trajectories in preclinical Alzheimer's disease	NA	COINS			1	1	0	0	0	0	1	0	0	0		
RBPL1	The Reading Brain Project L1 Adults	1	52	52	25	27	18	40	22.8	4.7	22	19	24.2	0	0	0	0	0			HC	https://blclab.org/reading-brain	This dataset includes neuroimaging and behavioral data from 52 native English-speaking adults. Participants underwent two sessions involving reading tasks, aiming to explore the neural mechanisms underlying reading in first-language (L1) adults.	earth	neuroimaging (MRI)	Cross-sectional	NA	https://doi.org/10.1126/sciadv.adn7744	Predicting the next sentence (not word) in large language models: What model-brain alignment tells us about discourse comprehension	NA	https://doi.org/10.3758/s13428-022-01842-3	From eye movements to scanpath networks: A method for studying individual differences in expository text reading	NA	openNeuro			1	1	0	1	0	0	0	0	0	0		
RBPL2	The Reading Brain Project L2 Adults	1	52	52	25	27	18	40	22.8	4.7	22	19	24.2	0	0	0	0	0			HC	https://blclab.org/reading-brain	This dataset comprises data from 56 bilingual adults who are second-language (L2) English readers. It investigates how bilingualism and second-language acquisition influence the neural processes of reading.	earth	neuroimaging (MRI)	Cross-sectional	NA	https://doi.org/10.1080/02702711.2021.1912867	Predicting Expository Text Processing: Causal Content Density as a Critical Expository Text Metric	NA	https://doi.org/10.1016/j.bandc.2020.105655	Effects of socioeconomic status in predicting reading outcomes for children: The mediation of spoken language network	NA	openNeuro			1	1	0	1	0	0	0	0	0	0		
SALD	Southwest University Adult Lifespan Dataset	1	494	494	185	307	19	80	45.2	17.4	48	25	59	0	0	0	0	0	Chinese	Chinese	HC	https://fcon_1000.projects.nitrc.org/indi/retro/sald.html	A cross-sectional dataset from Southwest University in China, encompassing structural and resting-state fMRI data from 494 healthy adults aged 19 to 80. It serves as a resource for studying brain aging and lifespan-related neural changes. ​	earth	neuroimaging (MRI)	Cross-sectional	https://doi.org/10.1038/sdata.2018.134	https://doi.org/10.1038/s42003-022-03880-1	Choice of Voxel-based Morphometry processing pipeline drives variability in the location of neuroanatomical brain markers	NA	https://doi.org/10.1111/psyp.14159	The older adult brain is less modular, more integrated, and less efficient at rest: A systematic review of large-scale resting-state functional brain networks in aging	NA	indi			1	1	0	0	0	0	0	1	0	0		
SLIM	Southwest University Longitudinal Imaging Multimodal	1	594	1048	264	330	17	28.4	20.7	1.4	20.6	20	21.5	0	0	0	0	0			HC	https://fcon_1000.projects.nitrc.org/indi/retro/southwestuni_qiu_index.html	A longitudinal dataset featuring multimodal MRI (structural, diffusion, and resting-state fMRI) and behavioral assessments collected over three and a half years. It includes repeated measures from healthy young adults, facilitating research on brain development and test-retest reliability.	earth	neuroimaging (MRI)	Test-Retest	https://doi.org/10.1038/sdata.2017.17	https://doi.org/10.1001/jamaneurol.2019.1708	Progressive Cortical Thinning in Patients With Focal Epilepsy	NA	https://doi.org/10.1038/s41398-020-0829-3	A neuromarker of individual general fluid intelligence from the white-matter functional connectome	NA	indi			1	1	0	1	0	0	0	1	0	0		
SRPBS	Japanese Strategic Research Program for the Promotion of Brain Science	11	1410	1410	808	602	16	80	38.4	13.6	37	27	47	0	0	0	0	0	Asian	Asian	Multiple	https://bicr-resource.atr.jp/srpbsopen/	A Japanese nationwide initiative providing a multi-site, multi-disorder MRI dataset. It includes resting-state fMRI and structural MRI data from 993 patients across various psychiatric disorders and 1,421 healthy controls, supporting research into brain network markers and cross-site harmonization. ​	earth	neuroimaging (MRI)	Cross-sectional	https://doi.org/10.1038/s41597-021-01004-8		A neuroimaging biomarker for Individual Brain-Related Abnormalities In Neurodegeneration (IBRAIN): a cross-sectional study	NA	https://doi.org/10.1093/schbul/sbad022	Aberrant Large-Scale Network Interactions Across Psychiatric Disorders Revealed by Large-Sample Multi-Site Resting-State Functional Magnetic Resonance Imaging Datasets	NA	NA			1	1	0	0	0	0	1	0	0	0	0	
YALE_HighRes	Yale High-Resolution Controls	1	120	120	68	52	18	58	28.8	8.5	27	23	32	0	0	0	0	0			HC	https://fcon_1000.projects.nitrc.org/indi/retro/yale_hires.html	A dataset comprising high-resolution structural MRI scans from healthy control participants. It is utilized for studies requiring detailed anatomical brain imaging and serves as a control group in various neuroimaging analyses. ​	earth	neuroimaging (MRI)	Cross-sectional	https://fcon_1000.projects.nitrc.org/indi/retro/yale_hires.html	https://doi.org/10.1038/nn.4135	Functional connectome fingerprinting: Identifying individuals based on patterns of brain connectivity	NA	https://doi.org/10.1016/j.neuroimage.2013.05.081	Groupwise whole-brain parcellation from resting-state fMRI data for network node identification	NA	indi			1	1	0	0	0	0	0	0	0	0		
YALE_LowRes	Yale Low-Resolution Controls	1	100	100	50	50	18	66	34.3	11.3	32	25	42	0	0	0	0	0			HC	https://fcon_1000.projects.nitrc.org/indi/retro/yale_lowres.html	This dataset includes low-resolution resting-state fMRI data from 100 healthy individuals. It is designed for assessing the intrinsic organization of the human brain at rest and is suitable for studies focusing on functional connectivity.	earth	neuroimaging (MRI)	Cross-sectional	https://fcon_1000.projects.nitrc.org/indi/retro/yale_lowres.html#:~:text=The%20Yale%20Low%2DResolution%20Controls,the%20human%20brain%20at%20rest.	https://doi.org/10.1016/j.neuroimage.2009.12.119	Graph-theory based parcellation of functional subunits in the brain from resting-state fMRI data	NA	https://doi.org/10.1016/j.jneumeth.2011.04.020	Social network theory applied to resting-state fMRI connectivity data in the identification of epilepsy networks with iterative feature selection	NA	indi			1	1	0	0	0	0	0	0	0	0		